Mes numero,Mes,Instante lectura,Chuvia,Hum,Ndiaschuvia,Tmed de min,Tmax,Tmed,Tmed de max,Tmin,Vento,Estación
1,Enero,2008-01-01 00:00:00.0,176.2,84,27,8.6,17.3,11.6,14.2,3,18,1
3,Marzo,2008-03-01 00:00:00.0,74.7,78,20,9,16.8,11.6,13.6,2.6,18,1
4,Abril,2008-04-01 00:00:00.0,106.3,80,21,9.8,22,12.6,15.4,6.6,18,1
5,Mayo,2008-05-01 00:00:00.0,69.1,86,17,12.5,24.5,14.4,16.4,7.8,18,1
6,Junio,2008-06-01 00:00:00.0,15.4,86,7,14.6,22.7,16.6,18.7,9.9,18,1
7,Julio,2008-07-01 00:00:00.0,19.2,81,13,15.5,24.8,18.1,20.6,12.7,18,1
8,Agosto,2008-08-01 00:00:00.0,48.6,84,11,16,27.2,18.6,20.9,12.4,18,1
9,Septiembre,2008-09-01 00:00:00.0,25.8,82,6,13.6,24,16.9,20,10.4,18,1
10,Octubre,2008-10-01 00:00:00.0,72.6,87,12,11.3,24.3,14.2,17.2,6.5,18,1
11,Noviembre,2008-11-01 00:00:00.0,75.9,86,18,8.9,17.6,11.5,13.9,2.3,18.4,1
12,Diciembre,2008-12-01 00:00:00.0,77.9,83,16,7.5,16.9,10.3,13,2.3,18.4,1
1,Enero,2009-01-01 00:00:00.0,98.4,81,23,7.6,16.5,10.2,12.4,0.3,18,1
2,Febrero,2009-02-01 00:00:00.0,35.6,82,10,5.8,15.9,9.5,13.1,2.8,18,1
3,Marzo,2009-03-01 00:00:00.0,16.8,80,10,7.5,21.7,11,14.4,2.8,18,1
4,Abril,2009-04-01 00:00:00.0,48.8,82,20,8.4,17.1,11.3,13.7,4.2,18,1
5,Mayo,2009-05-01 00:00:00.0,57.6,84,12,11.4,27.8,14,16.8,5.9,18,1
6,Junio,2009-06-01 00:00:00.0,34.2,85,12,14.6,24.4,16.9,19.3,12.5,18,1
7,Julio,2009-07-01 00:00:00.0,52.6,86,13,15.3,22.7,17.6,19.7,12.2,18.4,1
8,Agosto,2009-08-01 00:00:00.0,10.1,87,7,15.9,24.1,18.3,20.6,12.3,18.4,1
9,Septiembre,2009-09-01 00:00:00.0,22.4,85,5,14,27.3,17.3,21.1,10.6,18.7,1
10,Octubre,2009-10-01 00:00:00.0,49,84,14,14.2,26.8,17.1,20.2,7,18.7,1
11,Noviembre,2009-11-01 00:00:00.0,100.1,81,26,12,21.7,14.3,16.5,7.7,19.1,1
12,Diciembre,2009-12-01 00:00:00.0,107.6,82,19,7.8,18.6,10.5,13.1,0.6,18.7,1
1,Enero,2010-01-01 00:00:00.0,102.6,83,23,7.3,17,9.8,12,0.8,20.6,1
2,Febrero,2010-02-01 00:00:00.0,78.6,77,16,7,17.6,9.7,12.3,1.3,22.2,1
3,Marzo,2010-03-01 00:00:00.0,33,74,14,8.1,20.5,11.1,14.1,2.3,21.7,1
4,Abril,2010-04-01 00:00:00.0,23.8,81,11,10.4,20.3,13.3,16.2,4.9,16,1
5,Mayo,2010-05-01 00:00:00.0,49.8,81,14,11.9,25.4,14.4,16.5,5.7,17.7,1
6,Junio,2010-06-01 00:00:00.0,53.8,88,7,14.6,23.3,16.5,18.4,11.2,18.6,1
7,Julio,2010-07-01 00:00:00.0,19.8,88,6,16,26.2,18.2,20.6,13.3,18.4,1
8,Agosto,2010-08-01 00:00:00.0,3.4,87,3,16.1,28.2,18.6,21.3,13.6,17,1
9,Septiembre,2010-09-01 00:00:00.0,18.8,87,8,14.4,25.3,17.1,20,8.4,13.6,1
10,Octubre,2010-10-01 00:00:00.0,115.6,85,14,11.8,21.2,15.2,18.2,6.1,19.6,1
11,Noviembre,2010-11-01 00:00:00.0,142.6,87,22,9.6,18.3,11.9,14,3.3,19.8,1
12,Diciembre,2010-12-01 00:00:00.0,91.6,80,16,7.7,18.7,10.2,13.1,2.9,18.6,1
1,Enero,2011-01-01 00:00:00.0,74.6,81,18,8.8,17,11,13,2.3,19,1
2,Febrero,2011-02-01 00:00:00.0,60.8,84,12,8.1,16.7,11,13.3,2.1,19.8,1
3,Marzo,2011-03-01 00:00:00.0,52,82,12,8.3,18.1,11.6,14.6,5.1,16.1,1
4,Abril,2011-04-01 00:00:00.0,72.6,85,7,11.9,32.3,15.1,18.7,6,17.4,1
5,Mayo,2011-05-01 00:00:00.0,16.2,84,4,12.8,20.9,15.2,17.8,9.8,20.8,1
6,Junio,2011-06-01 00:00:00.0,7.8,83,9,14.1,27.8,16.2,18.5,10.6,18.1,1
7,Julio,2011-07-01 00:00:00.0,7.2,89,9,15.5,24.4,17.2,18.9,12.8,18.2,1
8,Agosto,2011-08-01 00:00:00.0,29.4,93,12,15.2,26.2,18,20.8,11.2,13,1
9,Septiembre,2011-09-01 00:00:00.0,12.8,89,6,15.8,25.1,18.2,21,11,14,1
10,Octubre,2011-10-01 00:00:00.0,74.2,86,8,12.5,28.2,15.4,18.8,8.3,14.4,1
11,Noviembre,2011-11-01 00:00:00.0,88,86,16,10.2,23.2,13.3,16.3,5.2,17.7,1
12,Diciembre,2011-12-01 00:00:00.0,62.4,87,19,8.8,16.8,11.5,13.9,2.7,18.3,1
1,Enero,2012-01-01 00:00:00.0,20.8,90,15,6.9,15.4,9.9,12.9,2.3,13.7,1
2,Febrero,2012-02-01 00:00:00.0,11.2,80,4,5.2,15.9,8.9,11.7,-0.1,17.3,1
3,Marzo,2012-03-01 00:00:00.0,17,78,7,8.1,22.9,11.9,16.3,3.5,14,1
4,Abril,2012-04-01 00:00:00.0,84.4,83,22,8.5,17.6,11,12.8,3.5,21.6,1
5,Mayo,2012-05-01 00:00:00.0,49.4,84,9,12.5,24.8,15,17.9,8.5,18,1
6,Junio,2012-06-01 00:00:00.0,51.6,87,15,14.4,28.5,16.6,18.9,10.8,17.6,1
7,Julio,2012-07-01 00:00:00.0,12.4,89,7,15.1,25.7,17.4,19.6,11.6,14.8,1
8,Agosto,2012-08-01 00:00:00.0,14.2,87,7,16.4,27.4,18.8,21.2,12.3,17.3,1
9,Septiembre,2012-09-01 00:00:00.0,16.6,85,5,14.6,26.3,17.7,20.8,10.1,16.6,1
10,Octubre,2012-10-01 00:00:00.0,48.6,86,15,12.6,24.1,15.6,18.5,6.6,16.2,1
11,Noviembre,2012-11-01 00:00:00.0,143.6,83,21,9.2,22.3,12.1,14.7,4.4,19.8,1
12,Diciembre,2012-12-01 00:00:00.0,78,85,18,10.1,17.1,12.2,14.4,3.2,22.7,1
1,Enero,2013-01-01 00:00:00.0,145.6,86,22,8.6,17.6,11.2,13.8,4.1,21.2,1
2,Febrero,2013-02-01 00:00:00.0,61,83.1,18,8,16.1,10.4,12.4,2.7,19.8,1
3,Marzo,2013-03-01 00:00:00.0,144.8,82.2,22,8.9,18.2,11.4,13.8,2.3,19.8,1
4,Abril,2013-04-01 00:00:00.0,51.6,78.9,13,9.6,19.7,12.2,14.5,5.1,23.4,1
5,Mayo,2013-05-01 00:00:00.0,49.2,83.4,11,9.6,18.8,12.3,14.2,6.1,19.4,1
6,Junio,2013-06-01 00:00:00.0,32.2,85.2,7,13.2,21.4,15.3,17.5,10.1,19.8,1
7,Julio,2013-07-01 00:00:00.0,3,88.8,4,16.1,29.4,18.5,21.9,13.8,13.3,1
8,Agosto,2013-08-01 00:00:00.0,5.6,88,2,16.4,26.3,18.8,21.4,13.8,17.3,1
9,Septiembre,2013-09-01 00:00:00.0,25.4,88.3,10,15,26.9,17.7,20.7,9.5,13.7,1
10,Octubre,2013-10-01 00:00:00.0,128.2,86.2,16,13.9,22.4,16.8,19.7,7.9,19.4,1
11,Noviembre,2013-11-01 00:00:00.0,67.8,83.3,14,10.8,19.6,13.1,15,3.1,19.1,1
12,Diciembre,2013-12-01 00:00:00.0,70,79.9,15,7.6,17.9,10.9,14.2,2.9,21.2,1
1,Enero,2014-01-01 00:00:00.0,126,85.4,27,9.4,17.1,11.6,13.3,3.9,23.8,1
2,Febrero,2014-02-01 00:00:00.0,113.6,80.4,23,8,16.8,10.6,13.1,5.3,29.5,1
3,Marzo,2014-03-01 00:00:00.0,54.8,83.8,14,8.5,23.3,11.4,14.3,4.8,18.7,1
4,Abril,2014-04-01 00:00:00.0,51.2,85.6,14,11.4,19.9,13.6,15.9,6.7,18.4,1
5,Mayo,2014-05-01 00:00:00.0,46.8,82.9,9,11,22.6,13.8,16.1,8.2,16.9,1
6,Junio,2014-06-01 00:00:00.0,67,84.8,14,14.4,25,16.9,19.5,11.2,17.3,1
7,Julio,2014-07-01 00:00:00.0,46.6,90.2,7,16.4,24.4,18.2,20,13.4,18.7,1
8,Agosto,2014-08-01 00:00:00.0,20.6,87.4,9,15.2,25.5,18.3,21.1,11.6,15.1,1
9,Septiembre,2014-09-01 00:00:00.0,42.4,88.2,11,16.3,27.2,19.1,22.3,10.7,13,1
10,Octubre,2014-10-01 00:00:00.0,33.4,86.2,13,14.7,26.2,17.6,21,11.6,15.1,1
11,Noviembre,2014-11-01 00:00:00.0,143.8,86.3,22,11,20.3,13.6,15.9,6.3,20.5,1
12,Diciembre,2014-12-01 00:00:00.0,60.6,88.4,16,8.5,14.6,10.9,13.1,2.3,16.2,1
1,Enero,2015-01-01 00:00:00.0,85.6,88,15,7.6,15.9,10.3,12.6,2.8,19,1
2,Febrero,2015-02-01 00:00:00.0,67,83,19,7.3,15.4,9.8,11.9,3.6,20.8,1
3,Marzo,2015-03-01 00:00:00.0,21,84,8,8.6,16.9,11,13.1,3.1,18.9,1
4,Abril,2015-04-01 00:00:00.0,45.2,85,12,10.7,24.4,13.5,16.6,6.2,14.8,1
5,Mayo,2015-05-01 00:00:00.0,17,84,9,13,25.3,14.9,17.1,9.6,21.3,1
6,Junio,2015-06-01 00:00:00.0,0.8,90,1,14.4,24.1,16.5,19,10.9,16.5,1
7,Julio,2015-07-01 00:00:00.0,18.4,90,5,16.1,26.5,18.5,20.9,12.7,16.5,1
10,Octubre,2015-10-01 00:00:00.0,102,88,14,13.2,23.8,16,19,7.7,14.9,1
11,Noviembre,2015-11-01 00:00:00.0,19.2,90,11,12.4,23.3,14.8,17.4,4.8,16.7,1
12,Diciembre,2015-12-01 00:00:00.0,42.4,81,14,11.3,21.3,14,16.7,4.7,24.4,1
1,Enero,2016-01-01 00:00:00.0,212.1,85,23,9.5,20.9,12.2,14.8,2.8,23.1,1
2,Febrero,2016-02-01 00:00:00.0,161,86,20,8.6,15.9,11.1,13.4,2.8,23.1,1
3,Marzo,2016-03-01 00:00:00.0,134.2,75,16,8.1,17.2,10.8,13.1,3.5,21.8,1
4,Abril,2016-04-01 00:00:00.0,97.1,73,15,9,20.2,11.6,14.1,4.3,20.6,1
5,Mayo,2016-05-01 00:00:00.0,68.2,81,17,11.6,22.2,14.3,16.8,5.6,15.7,1
6,Junio,2016-06-01 00:00:00.0,36.6,87,12,14.6,21.4,16.6,18.5,9.9,15.2,1
7,Julio,2016-07-01 00:00:00.0,0.2,87,1,16.3,27,18.4,20.6,13.1,17.5,1
8,Agosto,2016-08-01 00:00:00.0,12.8,87,5,15.9,25.2,18.4,21.1,13,14.1,1
9,Septiembre,2016-09-01 00:00:00.0,77.5,92,8,14.7,24.7,17.1,19.8,12.3,10.3,1
10,Octubre,2016-10-01 00:00:00.0,35.8,82,9,12.1,21,15,18.6,9.7,11.9,1
11,Noviembre,2016-11-01 00:00:00.0,95,79,17,9.6,21.1,12.4,15.6,5.4,15.2,1
1,Enero,2017-01-01 00:00:00.0,34.6,78,14,7,17.1,9.9,13.1,0.5,16,1
2,Febrero,2017-02-01 00:00:00.0,100.2,76,13,8.7,17.1,11.5,14.2,4.3,20.2,1
4,Abril,2017-04-01 00:00:00.0,12,72,3,9.5,20.7,13.2,16.6,5,16.4,1
5,Mayo,2017-05-01 00:00:00.0,46.6,78,11,13.6,25.6,16.1,19.2,8.6,14.3,1
6,Junio,2017-06-01 00:00:00.0,18.2,83,7,15.2,25.8,17.3,19.7,11.1,14.8,1
7,Julio,2017-07-01 00:00:00.0,5,81,4,16.5,27.9,18.5,20.6,13.4,15.7,1
8,Agosto,2017-08-01 00:00:00.0,13.4,81,6,16.2,28.1,18.7,21,12.5,15.4,1
9,Septiembre,2017-09-01 00:00:00.0,20.8,80,11,14.5,24.6,17.3,19.7,10.9,14,1
10,Octubre,2017-10-01 00:00:00.0,14.4,80,6,12.3,29.8,16.1,20.2,8.2,13.9,1
11,Noviembre,2017-11-01 00:00:00.0,54,80,13,9,20.9,12.1,15.6,3.2,13.7,1
12,Diciembre,2017-12-01 00:00:00.0,102.8,80,19,7.8,17.8,11.1,14.3,3.2,18.4,1
1,Enero,2018-01-01 00:00:00.0,69.7,79,21,9.1,17.6,11.6,13.9,3.6,19.3,1
2,Febrero,2018-02-01 00:00:00.0,110,75,17,6.5,16.8,9.3,12,2.4,19.1,1
3,Marzo,2018-03-01 00:00:00.0,186.9,73,28,7.8,18.4,10.6,13,1.7,25.1,1
4,Abril,2018-04-01 00:00:00.0,65.6,77,17,10.1,22.9,12.6,15,6.1,19.6,1
5,Mayo,2018-05-01 00:00:00.0,14.2,79,7,12.1,23,14.2,16.7,5.8,17.7,1
6,Junio,2018-06-01 00:00:00.0,106.5,86,10,15.1,27.8,16.6,18.5,12,14.3,1
7,Julio,2018-07-01 00:00:00.0,17.4,85,5,17,28.1,18.7,21,14.9,13.2,1
8,Agosto,2018-08-01 00:00:00.0,30,82,6,16.2,26.3,18.9,21.9,12.7,13.5,1
9,Septiembre,2018-09-01 00:00:00.0,3.2,84,3,15.4,27.1,17.9,21,13.4,13.1,1
10,Octubre,2018-10-01 00:00:00.0,74.4,75,11,12,24.5,15.1,18.4,7.5,19.2,1
11,Noviembre,2018-11-01 00:00:00.0,175.2,79,19,10.4,21.7,13,15.6,5.9,19.4,1
12,Diciembre,2018-12-01 00:00:00.0,64.4,78,13,10.3,18.1,12.9,15.6,4.7,19,1
1,Enero,2019-01-01 00:00:00.0,67.6,80,15,6.6,14.6,9.7,12.7,1.6,19.2,1
2,Febrero,2019-02-01 00:00:00.0,46.1,71,7,8.5,22.7,12.1,15.9,3.2,17.1,1
3,Marzo,2019-03-01 00:00:00.0,25.2,71,9,8.7,19.5,12.2,15.4,3.6,18.9,1
4,Abril,2019-04-01 00:00:00.0,81.8,76,16,9.7,21.4,12.5,15.1,5.8,19.7,1
5,Mayo,2019-05-01 00:00:00.0,32,75,7,12.1,31.1,14.9,17.5,8,18.5,1
6,Junio,2019-06-01 00:00:00.0,38,78,13,13.6,22.6,15.9,17.9,9.4,15.3,1
7,Julio,2019-07-01 00:00:00.0,8.3,84,4,16.5,24.9,18.3,20.3,12.4,17,1
8,Agosto,2019-08-01 00:00:00.0,16.8,81,5,16.8,28.1,19.2,21.7,11.9,15.6,1
9,Septiembre,2019-09-01 00:00:00.0,13.4,78,7,15.3,24.4,17.9,20.7,11.4,18.6,1
10,Octubre,2019-10-01 00:00:00.0,99.4,80,17,13.7,22.5,16.3,18.6,6.3,15.6,1
11,Noviembre,2019-11-01 00:00:00.0,181.2,76,29,11.1,21.1,13.4,15.3,7.3,26,1
12,Diciembre,2019-12-01 00:00:00.0,125.6,77,15,9.2,19.4,12,14.6,3.8,21,1
1,Enero,2020-01-01 00:00:00.0,74.4,77,10,8.8,17.8,11.4,14,3.8,21.5,1
2,Febrero,2020-02-01 00:00:00.0,22.8,76,11,10.3,21.9,13.1,15.6,4.8,19.6,1
3,Marzo,2020-03-01 00:00:00.0,83,75,10,9.8,18.2,12.2,14.3,6,20.9,1
4,Abril,2020-04-01 00:00:00.0,52,80,15,11.4,21.7,13.9,16.2,4.7,15.2,1
5,Mayo,2020-05-01 00:00:00.0,3.6,76,2,13.9,27.5,16.5,19.4,9.1,16.7,1
6,Junio,2020-06-01 00:00:00.0,27.4,80,10,14.6,22.8,16.5,18.2,10.4,15.3,1
7,Julio,2020-07-01 00:00:00.0,4,81,1,16.3,25,18.3,20.8,11.5,19.3,1
8,Agosto,2020-08-01 00:00:00.0,88.8,83,10,16.8,24.5,19,21,11.1,15.3,1
9,Septiembre,2020-09-01 00:00:00.0,37.4,79,12,15.1,33.3,17.9,21.3,9.1,13.9,1
10,Octubre,2020-10-01 00:00:00.0,78.8,77,18,13.1,22.2,15.6,18,7.2,19.8,1
11,Noviembre,2020-11-01 00:00:00.0,44,78,14,11.4,21.1,14.2,17.2,6.9,16.7,1
12,Diciembre,2020-12-01 00:00:00.0,159.4,76,24,9.5,18.6,12,14.1,2.7,24.8,1
1,Enero,2021-01-01 00:00:00.0,109.4,79,20,7.5,17.4,10.1,12.6,0.8,18.8,1
2,Febrero,2021-02-01 00:00:00.0,135,73,17,10.4,21.7,12.8,15.2,5.7,24.7,1
3,Marzo,2021-03-01 00:00:00.0,9.8,72,6,8.4,27.6,11.8,14.9,3.8,17.8,1
4,Abril,2021-04-01 00:00:00.0,70.2,73,10,10.1,23,13.1,16,4.8,16.3,1
5,Mayo,2021-05-01 00:00:00.0,50.8,75,13,11.3,22.1,14.2,16.5,5.2,18.9,1
6,Junio,2021-06-01 00:00:00.0,69.6,81,11,14,23.6,16.1,18.1,9.2,17.3,1
7,Julio,2021-07-01 00:00:00.0,11.8,81,9,16,26.6,18,19.9,11.8,14.2,1
8,Agosto,2021-08-01 00:00:00.0,8.4,79,3,16.3,25.6,18.6,21.1,13.6,14.1,1
9,Septiembre,2021-09-01 00:00:00.0,60,81,10,15.6,30.5,18.1,21.1,11.6,12.5,1
10,Octubre,2021-10-01 00:00:00.0,59.2,78,15,12.6,25.6,15.9,19.5,7.5,15.1,1
11,Noviembre,2021-11-01 00:00:00.0,64,78,11,8.6,17.9,11.9,14.9,5.1,16.8,1
12,Diciembre,2021-12-01 00:00:00.0,54.8,75,16,10.8,21.9,13.4,16,5.1,19.4,1
1,Enero,2022-01-01 00:00:00.0,36.2,74,5,7.3,22,10.6,14.4,2.8,16.1,1
2,Febrero,2022-02-01 00:00:00.0,20.8,76,8,8,18.6,11.3,14.3,3.6,15.5,1
3,Marzo,2022-03-01 00:00:00.0,70.4,72,14,9.2,19.9,12,14.9,2.1,18.6,1
4,Abril,2022-04-01 00:00:00.0,42,74,13,9.8,19.1,12.4,14.7,3.5,18,1
6,Junio,2022-06-01 00:00:00.0,43.3,85,16,15.1,24.9,17.2,19.7,10.8,16.6,1
7,Julio,2022-07-01 00:00:00.0,1.6,84,2,16.6,30.4,18.9,22.1,12.3,17.7,1
8,Agosto,2022-08-01 00:00:00.0,5.4,88,3,16.8,28.3,18.7,21.2,14.1,16.6,1
9,Septiembre,2022-09-01 00:00:00.0,55,82,14,15.6,25.2,18.3,21,11,15.4,1
10,Octubre,2022-10-01 00:00:00.0,101.6,83,18,15.1,23.5,17.6,20.2,12.2,19.7,1
11,Noviembre,2022-11-01 00:00:00.0,108.8,78,20,12.1,21.2,14.9,17.5,8.9,20.8,1
12,Diciembre,2022-12-01 00:00:00.0,163.6,82,14,10.6,19.2,13.2,15.8,3.2,19.2,1
1,Enero,2023-01-01 00:00:00.0,86.8,78,17,8.8,16.9,11.4,13.6,1.9,23.4,1
2,Febrero,2023-02-01 00:00:00.0,19.2,76,5,5.7,19.9,9.8,14.2,2.6,13.8,1
3,Marzo,2023-03-01 00:00:00.0,39.4,76,16,10.7,22.6,13.5,16.1,1.5,22.1,1
4,Abril,2023-04-01 00:00:00.0,22.6,80,9,11.1,23.6,14.2,17.1,5.7,15.5,1
5,Mayo,2023-05-01 00:00:00.0,9.6,78,7,14.1,24.8,16.2,18.6,11,20.2,1
6,Junio,2023-06-01 00:00:00.0,71,88,7,16.5,27.5,18.5,21.2,13.8,13,1
7,Julio,2023-07-01 00:00:00.0,8,84,9,16.7,24.8,19.1,21.2,12.7,16.1,1
8,Agosto,2023-08-01 00:00:00.0,16,84,9,17.6,27.4,20,22.5,13.7,14.9,1
9,Septiembre,2023-09-01 00:00:00.0,87,84,13,16.7,28,19.5,22.6,13.1,14.7,1
10,Octubre,2023-10-01 00:00:00.0,143.6,81,19,15.5,32.3,18.1,21.1,11.4,19.5,1
11,Noviembre,2023-11-01 00:00:00.0,128,82,19,12.4,20.8,14.8,17.3,6.3,21.1,1
12,Diciembre,2023-12-01 00:00:00.0,125.2,82,19,9.5,20.1,12.2,14.9,3.6,18.4,1
1,Enero,2024-01-01 00:00:00.0,58.2,81,14,9.6,20.7,12.4,15.1,2,18.4,1
2,Febrero,2024-02-01 00:00:00.0,87,81,12,10.2,22.5,13,15.9,6,21.7,1
9,Septiembre,2009-09-01 00:00:00.0,10.7,71,8,9.3,29.2,13.7,20.3,3.3,16.1,2
10,Octubre,2009-10-01 00:00:00.0,181.3,80,16,8.2,20.3,11.1,15.3,2.4,13.7,2
11,Noviembre,2009-11-01 00:00:00.0,341.9,97,26,2.4,13.2,4.5,6.8,-2,23,2
12,Diciembre,2009-12-01 00:00:00.0,389.1,93,21,-1.4,10.8,1,3.9,-8.8,16.8,2
1,Enero,2010-01-01 00:00:00.0,222.1,97,23,-2.2,7,-0.3,1.8,-9.3,20.2,2
2,Febrero,2010-02-01 00:00:00.0,275.1,91,18,-2.7,8.9,-0.3,3.2,-9.2,18.9,2
3,Marzo,2010-03-01 00:00:00.0,191.6,83,19,-0.8,14.1,2.3,6.4,-8.8,15.6,2
4,Abril,2010-04-01 00:00:00.0,47,78,12,3.2,23.9,7.6,13.8,-3,13.5,2
5,Mayo,2010-05-01 00:00:00.0,73.2,82,13,4.4,25.8,8.3,13.4,-2.1,16.2,2
6,Junio,2010-06-01 00:00:00.0,107.4,82,13,8.4,27.3,12.6,18,1.8,17.1,2
7,Julio,2010-07-01 00:00:00.0,11.4,74,6,11.5,30.4,17.2,23.8,4.6,13.5,2
8,Agosto,2010-08-01 00:00:00.0,9.2,68,5,10.9,30.5,16.9,24.5,3.6,14.8,2
9,Septiembre,2010-09-01 00:00:00.0,36.2,77,6,9,27.7,13.3,19.6,3.3,13.3,2
10,Octubre,2010-10-01 00:00:00.0,241.4,85,14,5,17,8.2,13,1.3,15,2
11,Noviembre,2010-11-01 00:00:00.0,141.8,96,21,0.7,17.9,2.9,5.9,-6.7,21,2
12,Diciembre,2010-12-01 00:00:00.0,195.4,88,18,-1.5,13.3,0.9,3.7,-7.3,20.8,2
1,Enero,2011-01-01 00:00:00.0,221.5,91,18,-0.3,8.1,1.7,4.3,-6.9,17.1,2
2,Febrero,2011-02-01 00:00:00.0,101.9,81,16,0,16.5,3.1,7.3,-5.9,18,2
3,Marzo,2011-03-01 00:00:00.0,103.4,84,18,0.9,18.3,4,8.1,-4.8,15.4,2
4,Abril,2011-04-01 00:00:00.0,70.9,74,9,6.1,25.5,10.5,16.9,0.4,15.5,2
5,Mayo,2011-05-01 00:00:00.0,53.4,83,18,6.8,24.1,11.6,18,1.6,14.6,2
6,Junio,2011-06-01 00:00:00.0,4.7,77,6,7.1,31.4,12.8,19.6,1.3,15,2
7,Julio,2011-07-01 00:00:00.0,36.2,84,13,8.3,27.9,13.2,19.5,3.9,17.6,2
8,Agosto,2011-08-01 00:00:00.0,46.1,75,18,10.5,30.9,15.6,22.7,2.8,14.1,2
9,Septiembre,2011-09-01 00:00:00.0,35.8,76,13,9.6,26.8,14.4,21.1,2.6,13.4,2
10,Octubre,2011-10-01 00:00:00.0,143.1,68,11,7.4,26.8,11.6,18.1,-0.5,15,2
11,Noviembre,2011-11-01 00:00:00.0,116.5,91,24,3.2,16.1,5.5,8.9,-0.4,15.1,2
12,Diciembre,2011-12-01 00:00:00.0,111.8,87,23,0.6,17.2,3.3,6.4,-3.8,19.1,2
1,Enero,2012-01-01 00:00:00.0,31.1,81,10,0,14.1,3.1,7.3,-4.8,15.1,2
2,Febrero,2012-02-01 00:00:00.0,20.7,75,6,-2.4,16.3,1.5,6.7,-10.3,16.6,2
3,Marzo,2012-03-01 00:00:00.0,22.5,61,6,2.9,20.5,7.5,14.1,-3.7,15.8,2
4,Abril,2012-04-01 00:00:00.0,146.6,93,24,0,19,2.7,6.6,-2.3,22,2
5,Mayo,2012-05-01 00:00:00.0,126,81,15,5.8,27.6,10.5,16.4,-0.6,13.7,2
6,Junio,2012-06-01 00:00:00.0,82.9,84,17,7.2,30.3,12.2,18,1.3,13.7,2
7,Julio,2012-07-01 00:00:00.0,36.3,81,8,9.2,29.3,14.4,20.9,3.6,14.8,2
8,Agosto,2012-08-01 00:00:00.0,46.6,77,10,9.6,29.9,14.9,21.7,3.6,12.2,2
9,Septiembre,2012-09-01 00:00:00.0,111.7,74,12,9.2,29.6,14,21,2.1,13.7,2
10,Octubre,2012-10-01 00:00:00.0,136.5,90,23,5,23.9,8.2,12.9,-2.6,13,2
11,Noviembre,2012-11-01 00:00:00.0,124.4,96,26,1.1,13.4,3.4,6.2,-2.7,16.6,2
12,Diciembre,2012-12-01 00:00:00.0,316,97,27,0.7,10,2.6,5.1,-3.9,18.7,2
4,Abril,2013-04-01 00:00:00.0,135.5,85,14,0.6,21.1,4.5,9.6,-4.1,17.3,2
5,Mayo,2013-05-01 00:00:00.0,96.9,86,14,1.4,19.3,5.6,11.4,-1.8,17.3,2
6,Junio,2013-06-01 00:00:00.0,106.6,79,12,6.7,26.7,11.7,18.3,2.3,15.1,2
7,Julio,2013-07-01 00:00:00.0,26.7,70,5,12.3,31.2,17.9,25.3,7.7,13.3,2
8,Agosto,2013-08-01 00:00:00.0,8.1,72,2,10.3,32.2,16.2,24,5.9,14.4,2
9,Septiembre,2013-09-01 00:00:00.0,111.8,75,7,9.9,30.4,14.3,21.1,3.6,13,2
10,Octubre,2013-10-01 00:00:00.0,317.2,91,20,6.4,19.3,9.4,13.8,0.2,11.2,2
11,Noviembre,2013-11-01 00:00:00.0,168.2,94,14,0.3,11.5,3,6,-4.9,16.6,2
12,Diciembre,2013-12-01 00:00:00.0,255.5,78,14,-0.7,11.6,2.1,5.9,-3.7,20.2,2
1,Enero,2014-01-01 00:00:00.0,332.5,98,27,-0.1,11,1.8,3.8,-3.3,20.9,2
2,Febrero,2014-02-01 00:00:00.0,298.5,97,27,-2,8.5,0.3,3,-4.5,20.9,2
3,Marzo,2014-03-01 00:00:00.0,141.2,74,14,1.5,18.5,5.2,9.9,-3.4,19.8,2
4,Abril,2014-04-01 00:00:00.0,142.9,87,20,3.9,23.1,7.7,13.1,-1.1,13.7,2
5,Mayo,2014-05-01 00:00:00.0,91,77,8,3.5,22.5,8.6,15.3,-1,14.8,2
6,Junio,2014-06-01 00:00:00.0,119.5,80,14,7.3,26.5,12.4,19.3,3.6,12.6,2
7,Julio,2014-07-01 00:00:00.0,62.4,84,9,9.3,28.3,14.4,20.8,3.5,13.7,2
8,Agosto,2014-08-01 00:00:00.0,46.5,84.6,11,9.1,25.8,13.8,20,4.6,13,2
9,Septiembre,2014-09-01 00:00:00.0,82.2,85.4,20,9.9,30.1,13.4,19.2,5.6,10.1,2
10,Octubre,2014-10-01 00:00:00.0,228,80.9,14,8.7,22.9,11.7,16.4,3.7,11.9,2
11,Noviembre,2014-11-01 00:00:00.0,322.2,98.3,28,2.1,12.9,4.2,6.4,-0.9,15.1,2
12,Diciembre,2014-12-01 00:00:00.0,52.3,88.2,20,-0.2,12.2,2.2,5,-6.8,16.2,2
1,Enero,2015-01-01 00:00:00.0,145.8,81,16,-0.5,14.5,2.2,5.8,-4,16.9,2
2,Febrero,2015-02-01 00:00:00.0,167,94,21,-2.7,6.4,-0.4,2.2,-6.7,23.4,2
3,Marzo,2015-03-01 00:00:00.0,56.8,76,12,0.6,19,4.8,10.3,-5.4,16.4,2
4,Abril,2015-04-01 00:00:00.0,122.7,77,14,3.2,20.9,7.7,13.3,-0.5,11.2,2
5,Mayo,2015-05-01 00:00:00.0,118.5,77,11,4.9,25.9,10.6,17.1,-0.1,13.8,2
6,Junio,2015-06-01 00:00:00.0,43.4,70,12,10,32,15.7,22.7,2.5,11.4,2
7,Julio,2015-07-01 00:00:00.0,68.6,74,10,11.2,31.6,17.4,25.2,6,12.6,2
8,Agosto,2015-08-01 00:00:00.0,91.6,78,12,9.8,30,15,22.3,4.9,13.1,2
9,Septiembre,2015-09-01 00:00:00.0,179.2,81,10,7.1,23,11.3,17.4,2.1,13.5,2
10,Octubre,2015-10-01 00:00:00.0,266.6,89,16,5.3,17.8,8.5,12.6,1.5,11.3,2
11,Noviembre,2015-11-01 00:00:00.0,91.6,91,12,4.4,18.3,7,11.1,-3.9,16.7,2
12,Diciembre,2015-12-01 00:00:00.0,132.7,91,19,1.9,12.3,4.1,7.3,-2.3,17.8,2
1,Enero,2016-01-01 00:00:00.0,400.1,97,25,0.2,11.2,2.3,4.8,-4.3,20,2
2,Febrero,2016-02-01 00:00:00.0,327.4,92,18,-0.9,11.5,1.7,4.5,-7.3,21.3,2
3,Marzo,2016-03-01 00:00:00.0,200.2,88,20,-1,13.5,2,6,-3.2,18.4,2
4,Abril,2016-04-01 00:00:00.0,183.9,89,18,0.5,16,3.9,9.2,-3.4,12.9,2
5,Mayo,2016-05-01 00:00:00.0,180.2,83,19,4.4,24.6,8.5,14,-0.3,12.5,2
6,Junio,2016-06-01 00:00:00.0,69.3,84,12,8.1,28,13.1,19.2,3,14.2,2
7,Julio,2016-07-01 00:00:00.0,2,74,2,11.6,31.9,17.5,25,3.1,14,2
8,Agosto,2016-08-01 00:00:00.0,29.8,67,7,11.1,33,17.7,26.3,4.5,13.4,2
9,Septiembre,2016-09-01 00:00:00.0,42.4,77,6,9.5,33.5,14.4,21.1,3.6,13.8,2
10,Octubre,2016-10-01 00:00:00.0,59.2,84,11,6.7,22.9,10,15.7,3.1,11.3,2
11,Noviembre,2016-11-01 00:00:00.0,147.6,92,16,1.9,16.2,4.1,7.5,-2.6,13.6,2
12,Diciembre,2016-12-01 00:00:00.0,27.3,82,6,2.3,13.8,4.6,8.5,-3.1,14.4,2
1,Enero,2017-01-01 00:00:00.0,44.7,83,11,-1.1,13.3,1.5,5.2,-9.3,13.3,2
2,Febrero,2017-02-01 00:00:00.0,199.2,93,14,0.7,15.9,3.7,7.6,-3.1,17.7,2
3,Marzo,2017-03-01 00:00:00.0,87.1,79,17,1.2,21.6,5.2,10.3,-5.9,13.7,2
4,Abril,2017-04-01 00:00:00.0,27.1,60,3,3.7,23.6,9.4,17.1,-6.8,14.3,2
5,Mayo,2017-05-01 00:00:00.0,131,79,14,6.6,28.7,11.7,18.1,-1.8,11.8,2
6,Junio,2017-06-01 00:00:00.0,96.9,78,12,10.1,33.5,15.6,21.8,3.1,14.7,2
7,Julio,2017-07-01 00:00:00.0,11.5,76,7,10.2,29.9,16.2,23.6,2.6,12.9,2
8,Agosto,2017-08-01 00:00:00.0,22.6,75,6,10.3,34.4,15.9,24,2.6,13.1,2
9,Septiembre,2017-09-01 00:00:00.0,30.7,82,14,7.2,23.7,11.7,18.2,2.6,14.2,2
10,Octubre,2017-10-01 00:00:00.0,34.2,63,5,8.5,26.2,13,19.5,0,11.7,2
11,Noviembre,2017-11-01 00:00:00.0,86.8,81,15,2.1,16.8,5,9,-4.7,14.2,2
12,Diciembre,2017-12-01 00:00:00.0,274.3,89,19,-0.1,12.7,2.5,5.6,-4.5,18.2,2
1,Enero,2018-01-01 00:00:00.0,130.8,94,16,0,11.7,2,4.7,-3.6,18.2,2
2,Febrero,2018-02-01 00:00:00.0,144.4,89,18,-2.9,13.3,0.1,3.6,-7.5,15.8,2
3,Marzo,2018-03-01 00:00:00.0,298.8,96,27,-2.2,10,0.1,2.7,-7.1,18.9,2
4,Abril,2018-04-01 00:00:00.0,126.3,84,18,1.9,23.8,5.9,11.4,-2.1,13.1,2
5,Mayo,2018-05-01 00:00:00.0,134,82,16,4.6,23.8,9.2,15.6,-3.1,13.2,2
6,Junio,2018-06-01 00:00:00.0,123.9,85,16,9,30.8,13.3,19.3,4.3,12,2
8,Agosto,2018-08-01 00:00:00.0,12.7,73,5,11.3,32,17.2,24.6,5.7,13.2,2
9,Septiembre,2018-09-01 00:00:00.0,35.3,75,6,11.2,29.1,16,23.7,6.8,12.4,2
10,Octubre,2018-10-01 00:00:00.0,104.4,80,12,4.5,24,8.4,14.1,-3.2,11.8,2
11,Noviembre,2018-11-01 00:00:00.0,303.1,96,21,1.4,13.7,3.6,6.6,-3.5,14,2
12,Diciembre,2018-12-01 00:00:00.0,153,84,15,2.5,14.2,5,8,-1.3,16.2,2
1,Enero,2019-01-01 00:00:00.0,167.9,73,14,0,16,3,7.1,-4.3,16.6,2
2,Febrero,2019-02-01 00:00:00.0,57.4,74,7,0.5,18.6,4.2,9.7,-6.2,10.6,2
3,Marzo,2019-03-01 00:00:00.0,88.6,71,10,0.7,19.2,5.7,12.1,-5.6,9,2
4,Abril,2019-04-01 00:00:00.0,200.7,85,17,1,21.4,4.9,10.4,-3.2,8.2,2
5,Mayo,2019-05-01 00:00:00.0,67.1,76,7,4.7,27.3,10.1,16.9,-1.8,11.1,2
7,Julio,2019-07-01 00:00:00.0,41.9,80,6,10.6,31.2,16.2,23.4,5.9,5.4,2
8,Agosto,2019-08-01 00:00:00.0,37.4,80,5,10.2,29.4,15.6,22.8,4.8,3.5,2
9,Septiembre,2019-09-01 00:00:00.0,37.1,80,10,8,28,12.9,19.6,4.2,3.3,2
10,Octubre,2019-10-01 00:00:00.0,215.6,90,22,5.9,22.8,9.1,13.2,0.5,3.3,2
12,Diciembre,2019-12-01 00:00:00.0,373.6,80,16,1.3,19.5,4.3,7.9,-4,16.6,2
1,Enero,2020-01-01 00:00:00.0,163.2,80,13,0.6,15.7,3.5,7.2,-5.6,13.1,2
2,Febrero,2020-02-01 00:00:00.0,74.6,80,12,2.4,19.4,5.9,11.1,-3.9,15.9,2
3,Marzo,2020-03-01 00:00:00.0,123.7,80,12,1,19.1,5.1,11,-5.8,14.9,2
4,Abril,2020-04-01 00:00:00.0,169.2,90,19,3.9,20.1,7.3,12.5,0.3,10,2
5,Mayo,2020-05-01 00:00:00.0,120.5,77,14,7.8,29.5,13.2,20.4,0.9,11.2,2
6,Junio,2020-06-01 00:00:00.0,72.1,85,18,6.8,30.5,12.1,18.4,0.4,13.3,2
7,Julio,2020-07-01 00:00:00.0,50.6,72,5,11.6,32.2,18.4,26.7,4.2,12.8,2
8,Agosto,2020-08-01 00:00:00.0,146,82,12,9.7,31.8,15.1,22.4,4.6,11.8,2
9,Septiembre,2020-09-01 00:00:00.0,104.5,77,12,9.1,27.9,13.6,20.3,3,12.4,2
10,Octubre,2020-10-01 00:00:00.0,221.8,95,21,4.2,19.9,7.1,11,0,16.6,2
11,Noviembre,2020-11-01 00:00:00.0,91.4,90,13,3.9,16.5,6.7,10.6,-2,12.9,2
12,Diciembre,2020-12-01 00:00:00.0,287.5,96,26,-0.3,11.4,1.9,4.4,-6.3,20.2,2
1,Enero,2021-01-01 00:00:00.0,220.8,89,16,-1.5,12.2,1,4.6,-9.8,16.2,2
2,Febrero,2021-02-01 00:00:00.0,324.9,91,18,1.2,14.5,3.6,6.8,-3.8,13.4,2
3,Marzo,2021-03-01 00:00:00.0,49.5,79,11,0.9,20.3,5.2,10.9,-5.2,12.3,2
4,Abril,2021-04-01 00:00:00.0,54.9,76,15,3,19.5,7.1,13.3,-3.1,12.8,2
5,Mayo,2021-05-01 00:00:00.0,140.7,82,14,3.9,25.5,8.8,15.3,-1,13.7,2
6,Junio,2021-06-01 00:00:00.0,143.1,84,13,7.4,26.2,12.6,19,1.8,12.2,2
7,Julio,2021-07-01 00:00:00.0,15.6,82,12,9.1,29.3,14.7,21.9,5.4,12.8,2
8,Agosto,2021-08-01 00:00:00.0,47.3,78,6,10.1,31.5,16.1,24.2,5.4,11.9,2
9,Septiembre,2021-09-01 00:00:00.0,137.2,87,13,8.8,27.3,12.6,18.3,3.1,9,2
10,Octubre,2021-10-01 00:00:00.0,184.2,82,12,6.7,21.9,10.2,15.7,3.2,11.7,2
11,Noviembre,2021-11-01 00:00:00.0,54.4,88,12,1,15.9,3.7,7.9,-2.5,14.9,2
12,Diciembre,2021-12-01 00:00:00.0,250.1,89,21,2.3,14.5,4.7,7.4,-2.3,20.1,2
1,Enero,2022-01-01 00:00:00.0,29.7,74,8,0,14.7,3.1,8.4,-5.6,12.7,2
2,Febrero,2022-02-01 00:00:00.0,31.4,79,8,1,16.8,4.4,9.8,-2.1,13,2
3,Marzo,2022-03-01 00:00:00.0,112.4,89,17,0.6,16.1,3.8,8.8,-4.7,12.4,2
4,Abril,2022-04-01 00:00:00.0,82,81,12,1,23.2,5.8,12.3,-7.6,12.4,2
5,Mayo,2022-05-01 00:00:00.0,52.2,74,11,7.6,27,13,20.1,0.7,12.1,2
6,Junio,2022-06-01 00:00:00.0,102.7,85,19,8.3,28.9,13.1,19.5,4,10.3,2
7,Julio,2022-07-01 00:00:00.0,16.4,69,3,12.5,34.1,19,27.3,4.4,12.2,2
8,Agosto,2022-08-01 00:00:00.0,38.7,73,6,12.3,35.1,18.4,26.9,5,12.7,2
9,Septiembre,2022-09-01 00:00:00.0,68.7,84,13,8.4,27.7,12.6,18.9,1.9,11.7,2
10,Octubre,2022-10-01 00:00:00.0,238.8,85,16,8,24.8,11.3,16.3,4.6,9.2,2
11,Noviembre,2022-11-01 00:00:00.0,288.3,94,21,3,15.4,5.4,9,-0.3,17.2,2
12,Diciembre,2022-12-01 00:00:00.0,342.5,95,22,2.8,10.6,4.6,6.8,-4.3,12,2
1,Enero,2023-01-01 00:00:00.0,329.8,92,17,-1.6,11.4,1.3,5.1,-6.7,16.7,2
2,Febrero,2023-02-01 00:00:00.0,33.1,69,7,-0.6,15.7,3,9.1,-8.2,11.1,2
3,Marzo,2023-03-01 00:00:00.0,167.5,82,15,2,19.8,5.8,11,-7.3,14.3,2
4,Abril,2023-04-01 00:00:00.0,79.9,70,9,4.5,23.9,9.7,17,-3.2,14.3,2
5,Mayo,2023-05-01 00:00:00.0,76.2,82,12,4.6,23.5,10.1,17.7,0,11.6,2
6,Junio,2023-06-01 00:00:00.0,220.8,87,15,9.9,29.3,14.7,21.4,4.8,9.9,2
7,Julio,2023-07-01 00:00:00.0,17.6,81,6,9.3,27.5,15.4,22.7,3.9,10.7,2
8,Agosto,2023-08-01 00:00:00.0,68.3,77,10,11.1,34.9,16.8,24.2,7,12.9,2
9,Septiembre,2023-09-01 00:00:00.0,108.9,85,16,9.8,27.2,13.6,19.5,3.6,9.5,2
10,Octubre,2023-10-01 00:00:00.0,504.9,83,18,8.6,27.7,11.6,15.9,2.6,12.7,2
11,Noviembre,2023-11-01 00:00:00.0,474.7,92,21,3.9,18.3,6.6,10.1,-0.7,16.4,2
12,Diciembre,2023-12-01 00:00:00.0,197.4,82,18,1.5,17.3,4,7.6,-1.7,15.8,2
1,Enero,2024-01-01 00:00:00.0,164.4,88,15,1.7,17.7,4.2,7.5,-5.1,14.9,2
2,Febrero,2024-02-01 00:00:00.0,170.6,86,14,2.1,18.1,5.1,9.6,-2.2,16.1,2
5,Mayo,2009-05-01 00:00:00.0,77.3,74.4,10,9.4,31.4,13.9,19.2,5.6,10.1,3
6,Junio,2009-06-01 00:00:00.0,134.3,76.7,13,12.9,30,16.8,21.7,10.6,12.2,3
7,Julio,2009-07-01 00:00:00.0,108.9,78.2,11,12.8,26.7,16.6,21,8.3,10.1,3
8,Agosto,2009-08-01 00:00:00.0,22.7,75.5,4,13.7,31.2,18.3,23.7,9.4,11.5,3
9,Septiembre,2009-09-01 00:00:00.0,17.3,72.9,5,12.4,30.1,17.4,23.7,8.6,11.2,3
10,Octubre,2009-10-01 00:00:00.0,240.2,80.1,14,12.7,26.4,15.9,20.2,5.5,9.7,3
11,Noviembre,2009-11-01 00:00:00.0,303.9,85,24,9.4,18,11.5,14,4.3,12.2,3
12,Diciembre,2009-12-01 00:00:00.0,503.4,82.4,19,5,16.7,8,11.3,-2.2,11.9,3
1,Enero,2010-01-01 00:00:00.0,212.3,85,18,4.7,14.8,7.3,10.1,-2.8,11.2,3
2,Febrero,2010-02-01 00:00:00.0,457.2,77,18,4.2,15,7.2,10.6,-2.1,14,3
3,Marzo,2010-03-01 00:00:00.0,173.2,71,14,5.5,18.6,9.1,13.3,-0.6,13.9,3
4,Abril,2010-04-01 00:00:00.0,80.8,69,13,7.9,26.4,12.9,18.5,1.1,10.7,3
5,Mayo,2010-05-01 00:00:00.0,124.7,71,12,9.5,31.7,13.9,18.6,4.2,10.7,3
6,Junio,2010-06-01 00:00:00.0,70.3,73,4,12.5,31.5,16.8,21.6,8.3,12.5,3
7,Julio,2010-07-01 00:00:00.0,14.9,72,5,14.4,32.9,18.9,24.6,10.7,13.8,3
8,Agosto,2010-08-01 00:00:00.0,1,70,3,14.4,35.2,19.2,25.1,11.1,13.5,3
9,Septiembre,2010-09-01 00:00:00.0,28.5,73,6,12.5,32,17.1,23,7,10,3
10,Octubre,2010-10-01 00:00:00.0,301.4,78,13,9.6,21.3,13.4,17.8,4.6,10.8,3
11,Noviembre,2010-11-01 00:00:00.0,222.7,85,21,6.6,23.5,9.3,12.6,-1.5,9.7,3
12,Diciembre,2010-12-01 00:00:00.0,221.5,79,19,4.6,19.3,7.7,11.1,-1.5,10.1,3
1,Enero,2011-01-01 00:00:00.0,227.6,78,14,5.9,14.8,8.5,11.4,0.3,11.4,3
2,Febrero,2011-02-01 00:00:00.0,146.5,81,12,4.9,18,8.6,12.8,-0.4,10,3
3,Marzo,2011-03-01 00:00:00.0,92.8,72,14,6.4,21.9,10.2,14.8,2.2,11.1,3
4,Abril,2011-04-01 00:00:00.0,72.7,67,8,10,31.4,15,21.1,3.1,11.3,3
5,Mayo,2011-05-01 00:00:00.0,53.5,72,5,10.7,29.3,15.1,20.8,8.2,13.5,3
6,Junio,2011-06-01 00:00:00.0,0.9,67,3,11.7,35,16.2,21,7.5,12.6,3
7,Julio,2011-07-01 00:00:00.0,5.6,72,7,13.2,31.5,17.1,21.7,11.2,11.7,3
8,Agosto,2011-08-01 00:00:00.0,55.8,75,10,13.5,32.9,18,23.6,7.9,10.7,3
9,Septiembre,2011-09-01 00:00:00.0,22.7,76,5,14.1,28,17.7,22.3,8.7,9.6,3
10,Octubre,2011-10-01 00:00:00.0,186.7,68,7,10.2,30.7,15.5,21.9,4.7,9.8,3
11,Noviembre,2011-11-01 00:00:00.0,192.2,82,20,8,21.8,11.3,14.8,1.4,9.1,3
12,Diciembre,2011-12-01 00:00:00.0,79,84,14,5.9,14.5,8.8,11.9,-0.1,10.1,3
1,Enero,2012-01-01 00:00:00.0,29.2,81.5,7,4.2,14.9,7.8,11.8,-2,9.7,3
2,Febrero,2012-02-01 00:00:00.0,1.5,68.9,4,2.5,20.8,7.3,12.5,-2.5,11.5,3
3,Marzo,2012-03-01 00:00:00.0,29.2,59.5,11,6.1,25.6,12.2,19,0.2,11.2,3
4,Abril,2012-04-01 00:00:00.0,160,77.1,24,5.7,22.7,9.1,12.8,1.7,12.2,3
5,Mayo,2012-05-01 00:00:00.0,126.8,73.9,14,10.3,33.7,14.5,19.4,5.9,10.8,3
6,Junio,2012-06-01 00:00:00.0,76.7,74.2,17,12.2,37.4,16.3,20.5,8.5,11.5,3
7,Julio,2012-07-01 00:00:00.0,6.7,71.4,8,12.9,34.1,17.5,22.8,8.6,10.4,3
8,Agosto,2012-08-01 00:00:00.0,57.4,74.9,12,14.3,32.5,18,22.5,8.6,10.4,3
9,Septiembre,2012-09-01 00:00:00.0,66.7,71.4,8,13,32,17.5,23,5.6,12.6,3
10,Octubre,2012-10-01 00:00:00.0,156.9,78.7,16,9.9,24.4,13.7,17.5,2.2,11.5,3
11,Noviembre,2012-11-01 00:00:00.0,233.4,79.8,25,6.3,20.5,9.6,13.2,1.6,13.3,3
12,Diciembre,2012-12-01 00:00:00.0,353.2,86,25,6.9,14.9,9.3,11.8,-0.9,13,3
1,Enero,2013-01-01 00:00:00.0,299.5,90.6,24,5.3,17.8,8.3,11.6,-0.2,9.7,3
2,Febrero,2013-02-01 00:00:00.0,159.3,85.9,17,4.4,17.6,7.4,10.6,-1.4,9.4,3
3,Marzo,2013-03-01 00:00:00.0,311,85,27,6.3,16.7,9.1,12.1,-0.7,12.6,3
4,Abril,2013-04-01 00:00:00.0,161.6,78.1,15,6.7,24.3,10.3,14.4,1.6,14.8,3
5,Mayo,2013-05-01 00:00:00.0,68.3,78.7,11,6.6,21.6,10.7,15.2,1.5,11.9,3
6,Junio,2013-06-01 00:00:00.0,41.1,77.6,8,10.7,30.5,14.7,19.3,7.6,13,3
7,Julio,2013-07-01 00:00:00.0,25.9,73.7,4,15.5,36.6,20.4,26.4,11.6,10.8,3
8,Agosto,2013-08-01 00:00:00.0,12.7,76.2,3,14.2,31.2,18.5,24.2,10.5,13.3,3
9,Septiembre,2013-09-01 00:00:00.0,77.6,76.3,5,13.7,31.9,17.9,23.2,8.7,11.5,3
10,Octubre,2013-10-01 00:00:00.0,430.2,85.5,20,11.6,24.4,14.8,18.3,2.3,11.9,3
11,Noviembre,2013-11-01 00:00:00.0,83.2,82.6,11,7.4,16.6,10.1,13,0.4,12.6,3
12,Diciembre,2013-12-01 00:00:00.0,219,80.1,15,4.5,15.1,8.1,12,-2.3,11.9,3
1,Enero,2014-01-01 00:00:00.0,404.6,89.7,29,6.3,13.5,8.6,10.8,2.4,13,3
2,Febrero,2014-02-01 00:00:00.0,371.4,84.9,25,5.1,13.6,7.8,10.6,0,16.2,3
3,Marzo,2014-03-01 00:00:00.0,94.5,75.5,14,6,23.3,10.3,15.3,1.1,11.5,3
4,Abril,2014-04-01 00:00:00.0,115.2,80.6,20,8.9,26.5,12.5,16.5,5,10.8,3
5,Mayo,2014-05-01 00:00:00.0,76.7,74.5,9,8.6,27.3,12.9,17.8,5.5,10.1,3
6,Junio,2014-06-01 00:00:00.0,77.4,75.6,15,12.2,30.8,16.3,21.3,8.4,10.4,3
7,Julio,2014-07-01 00:00:00.0,68.3,79.5,13,13.9,30.7,17.8,22.5,9.3,12.6,3
8,Agosto,2014-08-01 00:00:00.0,25.4,79.7,12,13,30,17.2,21.8,8.8,10.4,3
9,Septiembre,2014-09-01 00:00:00.0,145.3,82.4,15,14.5,32,18.3,22.8,8.4,8.6,3
10,Octubre,2014-10-01 00:00:00.0,142.6,84.5,18,12.2,28.2,16.2,21.1,8.6,8.6,3
11,Noviembre,2014-11-01 00:00:00.0,303.2,89.4,23,8.1,18.4,10.9,13.6,2.4,9.7,3
12,Diciembre,2014-12-01 00:00:00.0,63.3,87.6,11,5.5,15.1,8.3,11.3,-0.7,7.9,3
1,Enero,2015-01-01 00:00:00.0,170.5,89,17,4.5,14.3,7.6,10.9,-1.6,8.8,3
2,Febrero,2015-02-01 00:00:00.0,112.3,84,21,4.1,13.9,7,10.2,-0.3,10.7,3
3,Marzo,2015-03-01 00:00:00.0,41.7,77,13,5.8,21.7,9.7,14.2,1.7,13.4,3
4,Abril,2015-04-01 00:00:00.0,100.3,75,17,8.6,26.3,13.1,18.4,4.4,10.3,3
5,Mayo,2015-05-01 00:00:00.0,89,78,12,10.1,25.6,14.2,19,7.2,14.1,3
6,Junio,2015-06-01 00:00:00.0,8.3,74,6,12.7,34.8,17.8,24,8.1,12,3
7,Julio,2015-07-01 00:00:00.0,15.7,78,9,14.2,34.1,18.5,23.8,10.7,11.2,3
8,Agosto,2015-08-01 00:00:00.0,93.7,83,13,14,29.7,17.6,22.1,10.8,11.1,3
9,Septiembre,2015-09-01 00:00:00.0,66,80,9,11.2,27.9,15.6,20.9,7.3,10.9,3
10,Octubre,2015-10-01 00:00:00.0,191.6,82,17,10.7,23.5,14.3,18.1,4.7,11.4,3
11,Noviembre,2015-11-01 00:00:00.0,44.8,88,9,9.5,21.1,12.4,16.1,-0.1,8.6,3
12,Diciembre,2015-12-01 00:00:00.0,153.7,82,17,8.5,19.6,11.4,14.6,0.2,10.5,3
1,Enero,2016-01-01 00:00:00.0,384.3,87,25,6.8,20,9.6,12.3,0.3,12.6,3
2,Febrero,2016-02-01 00:00:00.0,248.4,85,19,5.7,17.9,8.5,11.3,-1.5,12.2,3
3,Marzo,2016-03-01 00:00:00.0,253.3,80,20,5.2,17.7,8.8,12.8,0.4,12.2,3
4,Abril,2016-04-01 00:00:00.0,202.3,79,16,6.3,21.1,10,14.1,0.5,11.8,3
5,Mayo,2016-05-01 00:00:00.0,190.4,79,18,9.6,29.2,13.5,18,3.9,8.9,3
6,Junio,2016-06-01 00:00:00.0,34.9,77,10,12.3,27.8,16.5,21.3,8.6,10.9,3
7,Julio,2016-07-01 00:00:00.0,0.5,72,2,14.5,34.6,19.5,25.6,9.6,12.6,3
8,Agosto,2016-08-01 00:00:00.0,9.7,70,3,14.1,34.8,19.6,26.5,10.4,11.6,3
9,Septiembre,2016-09-01 00:00:00.0,61.9,79,5,12.7,38.4,17.4,23.4,9.5,9,3
10,Octubre,2016-10-01 00:00:00.0,90.1,81,10,10.4,27.6,14.8,20.2,6.2,7.8,3
11,Noviembre,2016-11-01 00:00:00.0,124.9,84,14,6.9,22.1,10.2,14.2,0.9,8.6,3
12,Diciembre,2016-12-01 00:00:00.0,49.1,82,8,6.1,19.3,10,14.5,-1.7,7.3,3
1,Enero,2017-01-01 00:00:00.0,60.8,83,14,3.6,16,7.3,11.7,-3.2,8.6,3
2,Febrero,2017-02-01 00:00:00.0,253,82,16,6.4,22.3,9.7,13.4,-0.1,13.2,3
3,Marzo,2017-03-01 00:00:00.0,154,79,17,7.2,24.6,10.6,15,1.2,12.1,3
4,Abril,2017-04-01 00:00:00.0,26.7,63,5,7.4,28.4,13.5,20.4,2.4,11.6,3
5,Mayo,2017-05-01 00:00:00.0,185.2,76,13,11.5,32,15.9,21,5.1,9.4,3
6,Junio,2017-06-01 00:00:00.0,23.5,74,6,13.5,34.2,18.2,23.6,8.7,9.8,3
7,Julio,2017-07-01 00:00:00.0,1.7,78,2,14.1,33.5,18.4,23.5,9.6,10.7,3
8,Agosto,2017-08-01 00:00:00.0,31.1,75,8,14.3,34.1,18.7,24.5,10.5,10.6,3
9,Septiembre,2017-09-01 00:00:00.0,26.9,81,16,12.1,25.4,15.7,20.3,7.7,8.6,3
10,Octubre,2017-10-01 00:00:00.0,54.4,75,5,10.4,29.1,15.9,22.9,4.4,9.3,3
11,Noviembre,2017-11-01 00:00:00.0,90.2,82,13,5.9,20.8,10,14.7,-1.4,8.8,3
12,Diciembre,2017-12-01 00:00:00.0,209.4,86,19,4.6,16.9,8.4,12.4,-1.3,10,3
1,Enero,2018-01-01 00:00:00.0,107.5,88,19,5.8,17.2,8.7,11.6,-0.3,9.6,3
2,Febrero,2018-02-01 00:00:00.0,143.1,81,16,3.1,18.1,6.8,10.8,-1.5,11.5,3
3,Marzo,2018-03-01 00:00:00.0,345.9,83,27,5.1,15.5,7.9,11.1,-0.4,13.1,3
4,Abril,2018-04-01 00:00:00.0,168.5,80,18,7.5,24.8,11,15.6,2.6,11.7,3
5,Mayo,2018-05-01 00:00:00.0,26,75,10,9.6,27,13.9,18.9,1.9,11.4,3
6,Junio,2018-06-01 00:00:00.0,82.2,82,12,13.3,32.9,16.6,21,10.2,9.1,3
7,Julio,2018-07-01 00:00:00.0,46.9,80,8,15.4,30.5,18.8,23.1,12.5,9.5,3
8,Agosto,2018-08-01 00:00:00.0,21.6,75,2,14.7,37.3,20,26.3,10.2,11.3,3
9,Septiembre,2018-09-01 00:00:00.0,5.6,75,3,14.5,33.5,19.3,25.7,10.9,10.6,3
10,Octubre,2018-10-01 00:00:00.0,131.9,76,13,9.4,29.8,13.8,19,3.3,10.6,3
11,Noviembre,2018-11-01 00:00:00.0,307.4,86,24,8,20.8,10.8,14,0.9,8.7,3
12,Diciembre,2018-12-01 00:00:00.0,144.3,87,21,7.7,17,10.4,13.4,1.2,10.3,3
1,Enero,2019-01-01 00:00:00.0,100.2,82,15,3.9,16.1,7.5,12,-2.2,10.1,3
2,Febrero,2019-02-01 00:00:00.0,50,75,12,5.6,22.4,10.1,15,-0.8,8.4,3
3,Marzo,2019-03-01 00:00:00.0,91,73,8,5.6,22.5,10.6,15.9,0.8,11.6,3
4,Abril,2019-04-01 00:00:00.0,172.3,78,16,7.1,24.3,11.1,15.7,3.1,10.3,3
5,Mayo,2019-05-01 00:00:00.0,31.3,71,8,9.5,32.3,14.8,20.3,4.6,11.9,3
6,Junio,2019-06-01 00:00:00.0,86.4,77,13,10.9,29.4,15,19.4,5.3,8.7,3
7,Julio,2019-07-01 00:00:00.0,12.3,77,7,14.5,32.8,18.8,24.1,9.7,11.1,3
8,Agosto,2019-08-01 00:00:00.0,70.2,79,5,14.3,32.2,18.6,23.9,9.5,9.8,3
9,Septiembre,2019-09-01 00:00:00.0,55.4,78,10,13.5,31.2,17.4,22.4,6.8,12.3,3
10,Octubre,2019-10-01 00:00:00.0,178.5,87,17,11,23.5,14.1,17.4,5,8.3,3
11,Noviembre,2019-11-01 00:00:00.0,301.8,90,29,8.1,17.2,10.2,12.8,3.8,10.1,3
12,Diciembre,2019-12-01 00:00:00.0,201,86,18,6.2,19.6,9.4,13.1,0,12,3
1,Enero,2020-01-01 00:00:00.0,196.3,85,16,5.9,15.9,8.8,12,-0.3,12.1,3
2,Febrero,2020-02-01 00:00:00.0,53.3,84,17,7.5,21.9,10.9,14.8,-0.3,12.1,3
3,Marzo,2020-03-01 00:00:00.0,104.4,79,14,6.8,22.3,10.4,14.9,2.2,12.4,3
4,Abril,2020-04-01 00:00:00.0,147.8,83,20,9.3,22.5,12.4,16.3,4.1,8.8,3
5,Mayo,2020-05-01 00:00:00.0,60.7,74,8,11.7,32.4,16.8,22.6,7.5,10.7,3
6,Junio,2020-06-01 00:00:00.0,43.7,79,11,12.3,32.1,16,20.4,8.7,9.4,3
7,Julio,2020-07-01 00:00:00.0,0,72,0,14.6,34.5,19.8,26.3,8.6,13.8,3
8,Agosto,2020-08-01 00:00:00.0,90.4,81,12,14.8,33.4,18.5,23.3,8.5,9.8,3
9,Septiembre,2020-09-01 00:00:00.0,45.9,77,9,13.4,33.1,17.9,23.4,8,9.5,3
10,Octubre,2020-10-01 00:00:00.0,126.8,86,23,10.4,21.6,13.1,16.4,5.7,9.3,3
11,Noviembre,2020-11-01 00:00:00.0,127.6,84,16,8.9,20.8,12.1,15.9,2.6,9.4,3
12,Diciembre,2020-12-01 00:00:00.0,240.5,89,26,6.2,16.5,8.7,11.3,0.9,10.6,3
1,Enero,2021-01-01 00:00:00.0,148.5,88,19,4.4,16.3,7.2,10.6,-2.6,11.7,3
2,Febrero,2021-02-01 00:00:00.0,245.7,84,21,7.4,19.7,10.1,13.1,0.8,13.4,3
3,Marzo,2021-03-01 00:00:00.0,9.3,72,6,5.5,27,10.5,15.9,2.1,11.1,3
4,Abril,2021-04-01 00:00:00.0,90.4,74,11,7.8,22.7,12.2,17.4,3.5,9.9,3
5,Mayo,2021-05-01 00:00:00.0,102.3,77,14,8.5,26.6,13,17.8,2.3,10.3,3
6,Junio,2021-06-01 00:00:00.0,73.7,78,9,11.9,30.4,16.1,21.3,5.8,10.9,3
7,Julio,2021-07-01 00:00:00.0,19,81,9,13.7,34.2,17.3,22,10.1,9.4,3
8,Agosto,2021-08-01 00:00:00.0,17.4,81,6,13.9,31,18.2,23.9,10.8,9.9,3
9,Septiembre,2021-09-01 00:00:00.0,77.3,83,15,13.4,28.9,17.2,22,8.2,8.4,3
10,Octubre,2021-10-01 00:00:00.0,104.9,85,15,10.5,25.8,14.6,19.3,4.7,8.5,3
11,Noviembre,2021-11-01 00:00:00.0,42,85,11,5.9,19.2,9.6,14,2.6,10,3
12,Diciembre,2021-12-01 00:00:00.0,162.1,86,21,8.1,20,10.9,14.1,1.2,10,3
1,Enero,2022-01-01 00:00:00.0,43.7,79,9,4.1,20,8.4,13.6,-1.3,9.3,3
2,Febrero,2022-02-01 00:00:00.0,33.3,81,11,5.5,18.9,9.4,14,1.4,9.6,3
3,Marzo,2022-03-01 00:00:00.0,113.6,78,14,6.4,20.2,10.2,14.6,-1.3,10.5,3
4,Abril,2022-04-01 00:00:00.0,82,78,13,7,25,11,15.9,0.1,10.7,3
5,Mayo,2022-05-01 00:00:00.0,46.6,76,9,10.9,32.3,15.9,21.6,7.6,9.9,3
6,Junio,2022-06-01 00:00:00.0,45.6,84,14,13,28.9,16.3,20.5,7.2,8.7,3
7,Julio,2022-07-01 00:00:00.0,3.4,73,2,15.6,38.2,21,27.5,8.7,11.2,3
8,Agosto,2022-08-01 00:00:00.0,12.9,79,3,16,32.6,20.1,26,11.6,10.8,3
9,Septiembre,2022-09-01 00:00:00.0,131.9,83,11,13.5,29.6,17.3,22,7.8,8.7,3
10,Octubre,2022-10-01 00:00:00.0,210.3,89,21,13.2,26.2,15.9,19.4,9.3,10.1,3
11,Noviembre,2022-11-01 00:00:00.0,238.7,89,19,8.9,20.3,12,14.9,3.3,8.7,3
12,Diciembre,2022-12-01 00:00:00.0,449.7,90,18,8,16.3,10.7,13.6,0.3,11.7,3
1,Enero,2023-01-01 00:00:00.0,239.6,88,16,5.4,13.8,8.3,11.4,-0.6,10.1,3
2,Febrero,2023-02-01 00:00:00.0,19,73,6,3.5,20.8,8.4,14.4,-0.3,9.1,3
3,Marzo,2023-03-01 00:00:00.0,180.2,83,19,8.1,20.2,11.2,14.8,-0.8,13.3,3
4,Abril,2023-04-01 00:00:00.0,90.7,77,9,8.8,26.8,13.6,19.1,2.9,9.1,3
5,Mayo,2023-05-01 00:00:00.0,101.4,77,10,11,27.7,15.3,20.6,8,11,3
6,Junio,2023-06-01 00:00:00.0,140.2,82,13,14.4,30.4,18.6,23.9,11.5,7.9,3
7,Julio,2023-07-01 00:00:00.0,27.7,82,8,14.1,26.6,18.3,23,10.6,8.8,3
8,Agosto,2023-08-01 00:00:00.0,39.6,82,7,15.5,37.1,19.6,24.8,11.5,8.9,3
9,Septiembre,2023-09-01 00:00:00.0,158.3,86,12,14.7,31.4,18.3,22.8,8.6,7.4,3
10,Octubre,2023-10-01 00:00:00.0,380.2,87,18,12.9,32,16.4,20.6,8.3,9.7,3
11,Noviembre,2023-11-01 00:00:00.0,311.8,93,20,9.6,18.3,12.1,14.9,1.4,10.5,3
12,Diciembre,2023-12-01 00:00:00.0,236.6,93,18,5.9,16.1,9.2,12.5,-1.4,9.3,3
1,Enero,2024-01-01 00:00:00.0,221.4,89,15,6.5,20.9,9.9,13.2,-1,10,3
2,Febrero,2024-02-01 00:00:00.0,297.6,89,16,7.2,20.9,10.8,14.9,4,10.8,3
